"datetime","Freq","Code","x_hat","y_hat","UTM_E","UTM_N"
"2028-05-25 13:18:00",150.779,31,18.1223548578422,40.3352089707147,765236.978550346,4469643.53539496
"2028-05-25 13:18:05",150.779,31,18.1222931429747,40.3352351660589,765231.632479223,4469646.25856723
"2028-05-25 13:18:20",150.779,31,18.1223476463545,40.3352120316854,765236.353852591,4469643.8536021
"2028-05-25 13:18:25",150.779,31,18.1222963354877,40.3352338109725,765231.909031633,4469646.11769731
"2028-05-25 13:18:45",150.779,31,18.1223411620064,40.3352147840162,765235.792143615,4469644.13972423
"2028-05-25 13:18:50",150.779,31,18.1222841526643,40.3352389820644,765230.853690908,4469646.65526552
"2028-05-25 13:19:05",150.779,31,18.1223542589342,40.3352092249258,765236.926669715,4469643.56182179
"2028-05-25 13:19:30",150.779,31,18.1223537903968,40.3352094238,765236.886082496,4469643.58249602
"2028-05-25 13:19:45",150.779,31,18.1228024780654,40.3355162756521,765273.804223208,4469678.99638358
"2028-05-25 13:19:50",150.779,31,18.1228030996894,40.335516576825,765273.855856298,4469679.03168592
"2028-05-25 13:19:55",150.779,31,18.1223468125033,40.3352123856199,765236.28161993,4469643.89039582
"2028-05-25 13:20:00",150.779,31,18.1228009020591,40.335515269207,765273.674269803,4469678.87991596
"2028-05-25 13:20:10",150.779,31,18.122802741381,40.3355164329044,765273.825978268,4469679.01463232
"2028-05-25 13:20:15",150.779,31,18.1228029940413,40.3355164470958,765273.84738893,4469679.01696594
"2028-05-25 13:20:20",150.778,31,18.1228024232811,40.3355163325668,765273.799345533,4469679.00253809
"2028-05-25 13:20:35",150.779,31,18.1228010835254,40.3355153918063,765273.689206728,4469678.89407183
"2028-05-25 13:20:40",150.779,31,18.1223425663895,40.3352141879151,765235.913798806,4469644.07775576
"2028-05-25 13:21:05",150.778,31,18.1228008601568,40.3355155931179,765273.669439815,4469678.91575203
"2028-05-25 13:21:10",150.779,31,18.1228013013619,40.3355155583686,765273.707061339,4469678.91321775
"2028-05-25 13:21:20",150.779,31,18.1228029058742,40.3355163388323,765273.840322613,4469679.0046816
"2028-05-25 13:21:30",150.779,31,18.1222890901603,40.3352368863067,765231.281402963,4469646.43739803
"2028-05-25 13:24:45",150.779,31,18.1226884385861,40.3354044790311,765264.553593884,4469666.24217381
"2028-05-25 13:25:45",150.778,29,18.122689514724,40.3354055258805,765264.640919804,4469666.36162741
"2028-05-25 13:25:45",150.779,31,18.1226910374734,40.3354070050979,765264.764495312,4469666.53042399
"2028-05-25 13:25:55",150.779,41,18.1224830390907,40.3353230825822,765247.421683668,4469656.58903809
"2028-05-25 13:26:00",150.779,31,18.122450622312,40.3351683227583,765245.274187741,4469639.3097891
"2028-05-25 13:26:00",150.779,41,18.1223358722618,40.3352170292885,765235.333917631,4469644.37313446
"2028-05-25 13:26:05",150.779,31,18.1225017765702,40.3351466099449,765249.70545084,4469637.05261176
"2028-05-25 13:26:05",150.778,29,18.1225015715252,40.3351466969779,765249.687688702,4469637.06165935
"2028-05-25 13:26:15",150.778,29,18.1225017249206,40.335146670295,765249.70082602,4469637.0591571
"2028-05-25 13:26:30",150.778,29,18.1225017253526,40.3351466497779,765249.70094316,4469637.05688051
"2028-05-25 13:26:35",150.778,29,18.1225016822343,40.3351466723664,765249.697191206,4469637.05925902
"2028-05-25 13:26:40",150.779,41,18.1224989640776,40.3351478037288,765249.461817194,4469637.1767127
"2028-05-25 13:27:05",150.779,41,18.1224988645089,40.3351478459915,765249.453192001,4469637.18110615
"2028-05-25 13:27:05",150.778,29,18.1225016903674,40.3351466793823,765249.697854708,4469637.06006234
"2028-05-25 13:27:15",150.778,29,18.122501807766,40.3351466107276,765249.708098211,4469637.05279224
"2028-05-25 13:27:35",150.779,29,18.1225017459643,40.3351466385681,765249.702738302,4469637.05569779
"2028-05-25 13:27:40",150.779,29,18.1225015801711,40.3351466933081,765249.688437659,4469637.06127785
"2028-05-25 13:27:45",150.779,29,18.1225016757821,40.3351466868374,765249.696586285,4469637.06084629
"2028-05-25 13:27:50",150.779,29,18.1225016775639,40.3351466892964,765249.696728038,4469637.06112464
"2028-05-25 13:28:05",150.779,29,18.1225015584573,40.3351467025246,765249.686556694,4469637.06223597
"2028-05-25 13:28:10",150.779,41,18.1224983913796,40.3351480468148,765249.412206931,4469637.20198293
"2028-05-25 13:28:20",150.779,29,18.1225017388335,40.3351466259626,765249.702181877,4469637.05427689
"2028-05-25 13:28:25",150.779,29,18.1225015905641,40.335146730621,765249.689174394,4469637.06545165
"2028-05-25 13:28:30",150.779,29,18.1225016890132,40.3351466907725,765249.697694996,4469637.06132286
"2028-05-25 13:28:40",150.779,41,18.1224936579579,40.3351500559516,765249.002171815,4469637.41084468
"2028-05-25 13:28:40",150.779,29,18.1225016962888,40.3351467353511,765249.698138388,4469637.06629397
"2028-05-25 13:28:45",150.779,29,18.1225018110548,40.3351466152707,765249.708359824,4469637.05330649
"2028-05-25 13:28:50",150.779,29,18.1225015217065,40.3351467468014,765249.68326071,4469637.06704149
"2028-05-25 13:28:55",150.779,29,18.1225016296972,40.3351467074525,765249.692590028,4469637.0629968
"2028-05-25 13:29:00",150.779,29,18.1225016481411,40.3351467081912,765249.694154155,4469637.06313414
"2028-05-25 13:29:05",150.779,29,18.1225017291788,40.3351466517418,765249.701260534,4469637.05711003
"2028-05-25 13:29:10",150.779,29,18.1225015180381,40.3351467572548,765249.682908058,4469637.06819106
"2028-05-25 13:29:15",150.779,29,18.1225016661713,40.3351467099342,765249.695679195,4469637.06338174
"2028-05-25 13:29:20",150.779,29,18.1225016761676,40.3351466972564,765249.696578201,4469637.0620042
"2028-05-25 13:29:30",150.779,29,18.1225017370519,40.3351466522899,765249.701927296,4469637.0571945
"2028-05-25 13:29:35",150.779,29,18.1225015524305,40.3351467326992,765249.685926358,4469637.06556798
"2028-05-25 13:29:40",150.779,29,18.1225016337475,40.3351467133624,765249.692910977,4469637.06366509
"2028-05-25 13:29:45",150.779,29,18.1225016606561,40.3351466861826,765249.695303725,4469637.06072821
"2028-05-25 13:29:50",150.779,29,18.1225016875724,40.3351467340502,765249.697402931,4469637.06612339
"2028-05-25 13:29:55",150.779,29,18.1225017270651,40.3351466309578,765249.701162428,4469637.05479617
"2028-05-25 13:30:00",150.779,29,18.1225016385987,40.3351467135993,765249.693322221,4469637.06370594
"2028-05-25 13:30:05",150.779,29,18.1225017113744,40.3351466800435,765249.699636902,4469637.06019877
"2028-05-25 13:30:10",150.779,31,18.1225017941449,40.3351466024852,765249.706973258,4469637.05183628
"2028-05-25 13:30:10",150.779,29,18.1225017365189,40.3351466534616,765249.701877422,4469637.05732299
"2028-05-25 13:30:15",150.779,29,18.1225017732976,40.3351466325017,765249.705084363,4469637.05510628
"2028-05-25 13:30:20",150.779,29,18.1225015370744,40.3351467116008,765249.684704388,4469637.06317949
"2028-05-25 13:30:25",150.779,29,18.122501677755,40.3351466993207,765249.696704977,4469637.06223814
"2028-05-25 13:30:30",150.779,29,18.1225016811523,40.3351466891442,765249.69703351,4469637.0611185
"2028-05-25 13:30:40",150.779,29,18.1225017500478,40.3351466442134,765249.703063112,4469637.0563368
"2028-05-25 13:30:45",150.779,29,18.1225015413991,40.3351467648178,765249.684863203,4469637.06910081
"2028-05-25 13:30:50",150.779,29,18.1225016775473,40.3351466889697,765249.696727908,4469637.06108832
"2028-05-25 13:30:55",150.779,29,18.1225016984755,40.335146783429,765249.698135703,4469637.07163831
"2028-05-25 13:31:00",150.779,29,18.1225018159535,40.3351466220375,765249.708749496,4469637.05407246
"2028-05-25 13:31:05",150.779,29,18.1225016647881,40.3351467024079,765249.69559118,4469637.062542
"2028-05-25 13:31:10",150.779,29,18.122501710032,40.3351466936756,765249.699469408,4469637.06170823
"2028-05-25 13:31:15",150.779,29,18.1225016680521,40.3351467123906,765249.695829359,4469637.0636601
"2028-05-25 13:31:20",150.779,29,18.1225016932037,40.3351467307666,765249.697894245,4469637.06577572
"2028-05-25 13:31:20",150.778,41,18.1224862910626,40.3351531828863,765248.364010733,4469637.73590822
"2028-05-25 13:31:25",150.779,29,18.1225017319457,40.3351466605162,765249.701461219,4469637.0580925
"2028-05-25 13:31:30",150.779,29,18.1225015298565,40.3351467146645,765249.684079132,4469637.06349798
"2028-05-25 13:31:35",150.779,29,18.1225016891796,40.3351466955108,765249.697690561,4469637.06184943
"2028-05-25 13:31:40",150.778,41,18.1224936984867,40.3351500387488,765249.005682647,4469637.40905635
"2028-05-25 13:31:40",150.779,29,18.1225016864808,40.3351467112355,765249.697399624,4469637.06358714
"2028-05-25 13:31:45",150.779,29,18.1225017286732,40.3351466302752,765249.701301739,4469637.05472521
"2028-05-25 13:31:50",150.779,29,18.1225016697129,40.3351467092033,765249.695982964,4469637.06331122
"2028-05-25 13:32:00",150.778,41,18.1224976844177,40.3351483468902,765249.350965989,4469637.23317755
"2028-05-25 13:32:00",150.779,29,18.1225016856506,40.3351467258177,765249.697271927,4469637.06520362
"2028-05-25 13:32:05",150.778,41,18.1224825848522,40.3351735462753,765247.969297625,4469639.98560776
"2028-05-25 13:32:05",150.779,31,18.1225017993037,40.3351466033978,765249.707407977,4469637.05195307
"2028-05-25 13:32:05",150.779,29,18.1225016626395,40.3351468408125,765249.694866067,4469637.07790174
"2028-05-25 13:32:10",150.779,31,18.1225017972026,40.3351466136505,765249.707189276,4469637.05308506
"2028-05-25 13:32:10",150.779,29,18.1225017231956,40.3351467278974,765249.700453656,4469637.06554715
"2028-05-25 13:32:15",150.778,29,18.1223579202668,40.335378361754,765236.574724011,4469662.35099401
"2028-05-25 13:32:15",150.778,41,18.1224911535185,40.3351620739783,765248.742278043,4469638.7376168
"2028-05-25 13:32:15",150.779,29,18.1225016412313,40.335146794863,765249.693227316,4469637.07273602
"2028-05-25 13:32:20",150.779,29,18.122501584069,40.3351468399491,765249.688193972,4469637.07757017
"2028-05-25 13:32:25",150.778,41,18.1225005416166,40.3351527406358,765249.576493838,4469637.72955869
"2028-05-25 13:32:30",150.778,41,18.12248790063,40.3351524996931,765248.503440331,4469637.66488621
"2028-05-25 13:32:30",150.779,29,18.1225016257022,40.3351468014466,765249.691882135,4469637.07342038
"2028-05-25 13:32:35",150.779,29,18.1225016553279,40.3351466614072,765249.694948163,4469637.05796156
"2028-05-25 13:32:45",150.778,41,18.1224978299102,40.3351482851347,765249.363569353,4469637.22675771
"2028-05-25 13:32:45",150.779,29,18.1225016888511,40.3351467146954,765249.69758744,4469637.06397839
"2028-05-25 13:32:55",150.779,29,18.1225017216095,40.3351466332734,765249.700689839,4469637.0550369
"2028-05-25 13:33:10",150.778,41,18.1225016230815,40.3351466750944,765249.692154798,4469637.05938443
"2028-05-25 13:33:10",150.779,31,18.1225026369842,40.3351482503062,765249.772122453,4469637.23731186
"2028-05-25 13:33:15",150.779,31,18.1225018085693,40.3351468736257,765249.707135853,4469637.08198256
"2028-05-25 13:33:15",150.778,41,18.1225011110406,40.335146892434,765249.647798986,4469637.08197818
"2028-05-25 13:33:20",150.779,31,18.1225017887887,40.3351466451196,765249.706351046,4469637.05655363
"2028-05-25 13:33:20",150.779,29,18.1225017378601,40.3351466263758,765249.702097551,4469637.05431984
"2028-05-25 13:33:25",150.779,29,18.1225015393641,40.3351467106289,765249.684902735,4469637.06307845
"2028-05-25 13:33:25",150.779,31,18.1225018169226,40.3351466643476,765249.708665968,4469637.0587728
"2028-05-25 13:33:30",150.779,31,18.1225018478167,40.3351467186051,765249.711078089,4469637.06488934
"2028-05-25 13:33:30",150.778,41,18.1225016387019,40.3351466684642,765249.693507922,4469637.05869519
"2028-05-25 13:33:35",150.779,31,18.1225018109279,40.3351466314349,765249.708285677,4469637.05510072
"2028-05-25 13:33:35",150.778,41,18.1225012193223,40.3351468464731,765249.657178941,4469637.07720027
"2028-05-25 13:33:40",150.779,31,18.1225017997778,40.3351466703736,765249.707185703,4469637.05939039
"2028-05-25 13:33:40",150.779,29,18.1225017402128,40.3351466253771,765249.702301359,4469637.05421603
"2028-05-25 13:33:45",150.779,29,18.1225015313779,40.3351467140187,765249.68421093,4469637.06343084
"2028-05-25 13:33:45",150.779,31,18.1225018294685,40.3351466704899,765249.709707816,4469637.05949237
"2028-05-25 13:33:50",150.779,31,18.1225018265985,40.3351466599661,765249.709505227,4469637.05831538
"2028-05-25 13:33:55",150.779,31,18.122501818472,40.3351466467256,765249.708866693,4469637.05682098
"2028-05-25 13:33:55",150.778,41,18.1225016390179,40.3351466683301,765249.693535299,4469637.05868124
"2028-05-25 13:34:00",150.779,31,18.1225017878306,40.3351466051654,765249.706426278,4469637.0521149
"2028-05-25 13:34:00",150.778,41,18.1225009693192,40.3351469525888,765249.6355223,4469637.08823162
"2028-05-25 13:34:05",150.779,31,18.1225014224712,40.335146760245,765249.674776827,4469637.06823634
"2028-05-25 13:34:05",150.779,29,18.1225017310585,40.3351466292627,765249.701508363,4469637.05461996
"2028-05-25 13:34:10",150.779,29,18.122501569229,40.3351466979525,765249.687489794,4469637.06176067
"2028-05-25 13:34:10",150.779,31,18.1224948957316,40.3351505056875,765249.105571972,4469637.46448925
"2028-05-25 13:34:25",150.779,29,18.1225013268742,40.3351468008219,765249.666495682,4469637.07245455
"2028-05-25 13:35:05",150.779,31,18.1225018019774,40.3351466027315,765249.70763775,4469637.05188712
"2028-05-25 13:36:45",150.78,29,18.1225011130359,40.3351468915871,765249.647971828,4469637.08189014
"2028-05-25 13:36:50",150.78,29,18.1224966236509,40.3351487971407,765249.259076505,4469637.27998378
"2028-05-25 13:37:40",150.779,31,18.1225017813021,40.3351466171488,765249.705824629,4469637.05342576
"2028-05-25 13:37:45",150.778,41,18.1224987032755,40.3351479144282,765249.439225073,4469637.18822056
"2028-05-25 13:37:50",150.78,29,18.1225007520139,40.3351470448256,765249.616698113,4469637.0978202
"2028-05-25 13:38:40",150.78,29,18.1225012961719,40.3351468138537,765249.66383608,4469637.07380929
"2028-05-25 13:39:00",150.78,29,18.122500232017,40.3351472655423,765249.571653108,4469637.12076501
"2028-05-25 13:40:00",150.778,41,18.1225017010129,40.3351466420158,765249.698905649,4469637.05594572
"2028-05-25 13:40:10",150.779,31,18.1223716758248,40.3352927718397,765238.078928918,4469652.88975291
"2028-05-25 14:00:00",150.779,31,18.1222485807713,40.335254177018,765227.771888855,4469648.23555916
"2028-05-25 14:00:10",150.779,31,18.1224259830174,40.33531516822,765242.605147551,4469655.53919415
"2028-05-25 14:00:15",150.779,41,18.1227997462866,40.3355140111093,765273.581006563,4469678.73676975
"2028-05-25 14:00:15",150.779,31,18.1228019692215,40.3355155331726,765273.763902218,4469678.91242414
"2028-05-25 14:00:20",150.779,31,18.1228032,40.3355167,765273.863895879,4469679.04566222
"2028-05-25 14:00:20",150.779,41,18.1228031999996,40.3355166999996,765273.863895846,4469679.04566218
"2028-05-25 14:00:30",150.779,41,18.1228032,40.3355167,765273.863895879,4469679.04566222
"2028-05-25 14:00:35",150.779,31,18.1228032,40.3355167,765273.863895879,4469679.04566222
"2028-05-25 14:00:35",150.779,29,18.1228032,40.3355167,765273.863895879,4469679.04566222
"2028-05-25 14:00:55",150.779,41,18.1228032,40.3355167,765273.863895879,4469679.04566222
"2028-05-25 14:00:55",150.779,31,18.1228032,40.3355167,765273.863895879,4469679.04566222
"2028-05-25 14:01:00",150.779,31,18.1228032,40.3355167,765273.863895879,4469679.04566222
"2028-05-25 14:01:15",150.779,41,18.1228032,40.3355167,765273.863895879,4469679.04566222
"2028-05-25 14:01:20",150.779,41,18.1228032,40.3355167,765273.863895879,4469679.04566222
"2028-05-25 14:01:20",150.779,31,18.1228032,40.3355167,765273.863895879,4469679.04566222
"2028-05-25 14:01:20",150.779,29,18.1228032,40.3355167,765273.863895879,4469679.04566222
"2028-05-25 14:01:40",150.779,41,18.1228032,40.3355167,765273.863895879,4469679.04566222
"2028-05-25 14:01:40",150.779,31,18.1228032,40.3355167,765273.863895879,4469679.04566222
"2028-05-25 14:01:45",150.779,31,18.1228032,40.3355167,765273.863895879,4469679.04566222
"2028-05-25 14:01:45",150.779,29,18.1228032,40.3355167,765273.863895879,4469679.04566222
"2028-05-25 14:02:00",150.779,41,18.1228032,40.3355167,765273.863895879,4469679.04566222
"2028-05-25 14:02:05",150.779,41,18.1228032,40.3355167,765273.863895879,4469679.04566222
"2028-05-25 14:02:05",150.779,31,18.1228032,40.3355167,765273.863895879,4469679.04566222
"2028-05-25 14:02:25",150.779,41,18.1228032,40.3355167,765273.863895879,4469679.04566222
"2028-05-25 14:02:30",150.779,31,18.1228032,40.3355167,765273.863895879,4469679.04566222
"2028-05-25 14:02:50",150.779,41,18.1228032,40.3355167,765273.863895879,4469679.04566222
"2028-05-25 14:02:50",150.779,31,18.1228032,40.3355167,765273.863895879,4469679.04566222
"2028-05-25 14:02:55",150.779,29,18.1228032,40.3355167,765273.863895879,4469679.04566222
"2028-05-25 14:03:10",150.779,41,18.1228032,40.3355167,765273.863895879,4469679.04566222
"2028-05-25 14:03:15",150.779,31,18.1228032,40.3355167,765273.863895879,4469679.04566222
"2028-05-25 14:03:35",150.779,41,18.1228032,40.3355167,765273.863895879,4469679.04566222
"2028-05-25 14:03:35",150.779,31,18.1228032,40.3355167,765273.863895879,4469679.04566222
"2028-05-25 14:03:40",150.779,31,18.1228032,40.3355167,765273.863895879,4469679.04566222
"2028-05-25 14:03:55",150.779,41,18.1228032,40.3355167,765273.863895879,4469679.04566222
"2028-05-25 14:04:00",150.779,41,18.1228032,40.3355167,765273.863895879,4469679.04566222
"2028-05-25 14:04:00",150.779,31,18.1228032,40.3355167,765273.863895879,4469679.04566222
"2028-05-25 14:04:00",150.779,29,18.1228032,40.3355167,765273.863895879,4469679.04566222
"2028-05-25 14:04:20",150.779,41,18.1228032,40.3355167,765273.863895879,4469679.04566222
"2028-05-25 14:04:20",150.779,31,18.1228032,40.3355167,765273.863895879,4469679.04566222
"2028-05-25 14:04:25",150.779,31,18.1228032,40.3355167,765273.863895879,4469679.04566222
"2028-05-25 14:04:25",150.779,29,18.1228032,40.3355167,765273.863895879,4469679.04566222
"2028-05-25 14:04:40",150.779,41,18.1228032,40.3355167,765273.863895879,4469679.04566222
"2028-05-25 14:04:45",150.779,31,18.1228032,40.3355167,765273.863895879,4469679.04566222
"2028-05-25 14:05:05",150.779,41,18.1228032,40.3355167,765273.863895879,4469679.04566222
"2028-05-25 14:05:10",150.779,31,18.1228032,40.3355167,765273.863895879,4469679.04566222
"2028-05-25 14:05:30",150.779,41,18.1228032,40.3355167,765273.863895879,4469679.04566222
"2028-05-25 14:05:30",150.779,31,18.1228032,40.3355167,765273.863895879,4469679.04566222
"2028-05-25 14:05:35",150.778,29,18.1228032,40.3355167,765273.863895879,4469679.04566222
"2028-05-25 14:05:50",150.779,41,18.1228032,40.3355167,765273.863895879,4469679.04566222
"2028-05-25 14:05:55",150.779,31,18.1228032,40.3355167,765273.863895879,4469679.04566222
"2028-05-25 14:05:55",150.778,29,18.1228032,40.3355167,765273.863895879,4469679.04566222
"2028-05-25 14:06:15",150.779,41,18.1228032,40.3355167,765273.863895879,4469679.04566222
"2028-05-25 14:06:15",150.779,31,18.1228032,40.3355167,765273.863895879,4469679.04566222
"2028-05-25 14:06:20",150.779,31,18.1228032,40.3355167,765273.863895879,4469679.04566222
"2028-05-25 14:06:20",150.778,29,18.1228032,40.3355167,765273.863895879,4469679.04566222
"2028-05-25 14:06:40",150.779,31,18.1228032,40.3355167,765273.863895879,4469679.04566222
"2028-05-25 14:06:40",150.778,29,18.1228032,40.3355167,765273.863895879,4469679.04566222
"2028-05-25 14:07:00",150.779,41,18.1228032,40.3355167,765273.863895879,4469679.04566222
"2028-05-25 14:07:00",150.779,31,18.1228032,40.3355167,765273.863895879,4469679.04566222
"2028-05-25 14:07:05",150.779,31,18.1228032,40.3355167,765273.863895879,4469679.04566222
"2028-05-25 14:07:05",150.778,29,18.1228032,40.3355167,765273.863895879,4469679.04566222
"2028-05-25 14:07:20",150.779,41,18.1228032,40.3355167,765273.863895879,4469679.04566222
"2028-05-25 14:07:25",150.779,31,18.1228032,40.3355167,765273.863895879,4469679.04566222
"2028-05-25 14:07:45",150.779,41,18.1228032,40.3355167,765273.863895879,4469679.04566222
"2028-05-25 14:07:50",150.779,31,18.1228032,40.3355167,765273.863895879,4469679.04566222
"2028-05-25 14:07:50",150.778,29,18.1228032,40.3355167,765273.863895879,4469679.04566222
"2028-05-25 14:08:10",150.779,41,18.1228032,40.3355167,765273.863895879,4469679.04566222
"2028-05-25 14:08:10",150.779,31,18.1228032,40.3355167,765273.863895879,4469679.04566222
"2028-05-25 14:08:15",150.778,29,18.1228032,40.3355167,765273.863895879,4469679.04566222
"2028-05-25 14:08:35",150.779,31,18.1228032,40.3355167,765273.863895879,4469679.04566222
"2028-05-25 14:08:55",150.779,41,18.1228032,40.3355167,765273.863895879,4469679.04566222
"2028-05-25 14:08:55",150.779,31,18.1228032,40.3355167,765273.863895879,4469679.04566222
"2028-05-25 14:09:00",150.779,31,18.1228032,40.3355167,765273.863895879,4469679.04566222
"2028-05-25 14:09:15",150.779,41,18.1228032,40.3355167,765273.863895879,4469679.04566222
"2028-05-25 14:09:20",150.779,31,18.1228032,40.3355167,765273.863895879,4469679.04566222
"2028-05-25 14:09:40",150.779,41,18.1228032,40.3355167,765273.863895879,4469679.04566222
"2028-05-25 14:09:40",150.779,31,18.1228032,40.3355167,765273.863895879,4469679.04566222
"2028-05-25 14:09:45",150.779,31,18.1228032,40.3355167,765273.863895879,4469679.04566222
"2028-05-25 14:10:05",150.779,31,18.1228032,40.3355167,765273.863895879,4469679.04566222
"2028-05-25 14:10:25",150.779,41,18.1228031999951,40.3355166999963,765273.863895478,4469679.0456618
"2028-05-25 14:21:30",150.779,41,18.1228031993363,40.3355166994126,765273.863841791,4469679.04559501
"2028-05-25 14:21:30",150.779,31,18.1228032,40.3355167,765273.863895876,4469679.04566221
"2028-05-25 14:21:30",150.778,29,18.122803133224,40.3355166636954,765273.858364852,4469679.04143121
"2028-05-25 14:21:35",150.779,31,18.1228031999994,40.3355166999995,765273.863895827,4469679.04566216
"2028-05-25 14:21:35",150.778,29,18.1227805181103,40.3355044608697,765271.9848015,4469677.61877826
"2028-05-25 14:21:35",150.779,41,18.1227976632978,40.3355124826662,765273.410025889,4469678.56082695
"2028-05-25 14:21:40",150.779,41,18.1228031993563,40.335516699435,765273.863843403,4469679.04559756
"2028-05-25 14:21:40",150.778,29,18.1224992918296,40.3352002188217,765249.28418703,4469642.99701119
"2028-05-25 14:21:40",150.779,31,18.1223456011849,40.3352128997732,765236.176689039,4469643.94384529
"2028-05-25 14:21:45",150.778,29,18.1224079280665,40.335186444655,765241.575779588,4469641.193671
"2028-05-25 14:21:45",150.779,31,18.1224448145762,40.335171819145,765244.767047301,4469639.68054816
"2028-05-25 14:21:50",150.779,41,18.1224943488049,40.3351499324678,765249.061351338,4469637.39920755
"2028-05-25 14:21:55",150.779,41,18.1225016928505,40.3351466454804,765249.698198578,4469637.05630588
"2028-05-25 14:22:00",150.779,41,18.1225001086883,40.3351473178901,765249.56096969,4469637.12620687
"2028-05-25 14:22:05",150.779,31,18.1225007665215,40.3351470386678,765249.61795484,4469637.09718005
"2028-05-25 14:22:05",150.778,29,18.1224959304946,40.3351490913561,765249.199031488,4469637.31056923
"2028-05-25 14:22:20",150.779,41,18.1225016191134,40.3351466767787,765249.691811055,4469637.05955953
"2028-05-25 14:22:25",150.779,41,18.1225006301611,40.335147096547,765249.606142548,4469637.10319694
"2028-05-25 14:22:25",150.778,29,18.1225009294929,40.3351469694933,765249.632072323,4469637.08998896
"2028-05-25 14:22:25",150.779,31,18.1225007173302,40.3351470595474,765249.613693617,4469637.09935061
"2028-05-25 14:22:45",150.779,31,18.1225016874158,40.3351466477872,765249.697727791,4469637.05654569
"2028-05-25 14:22:50",150.779,31,18.1225013457362,40.3351467928157,765249.668129613,4469637.07162227
"2028-05-25 14:23:10",150.779,31,18.1225016171537,40.3351466776105,765249.691641296,4469637.059646
"2028-05-25 14:23:15",150.779,31,18.1225001733968,40.3351472904241,765249.566575099,4469637.12335162
"2028-05-25 14:23:15",150.778,29,18.1224477777819,40.3351695301407,765245.027778982,4469639.43530382
"2028-05-25 14:23:30",150.779,41,18.1225013941173,40.33514677228,765249.672320653,4469637.06948746
"2028-05-25 14:23:30",150.779,31,18.1225015964831,40.3351466863843,765249.6898507,4469637.06055808
"2028-05-25 14:23:35",150.779,31,18.1225003174349,40.335147229286,765249.579052473,4469637.11699595
"2028-05-25 14:23:35",150.778,29,18.1224863483199,40.335153158583,765248.368970672,4469637.73338175
"2028-05-25 14:23:55",150.779,31,18.1225015125815,40.335146721997,765249.682582674,4469637.06426024
"2028-05-25 14:23:55",150.779,41,18.1225006663883,40.3351470811701,765249.609280747,4469637.10159842
"2028-05-25 14:23:55",150.778,29,18.1225006443401,40.3351470905286,765249.607370808,4469637.10257129
"2028-05-25 14:24:00",150.779,31,18.1225016277507,40.3351466731125,765249.692559266,4469637.05917841
"2028-05-25 14:24:00",150.778,29,18.1225015538363,40.3351467044861,765249.686156394,4469637.06243987
"2028-05-25 14:24:15",150.779,41,18.1225017403445,40.3351466253213,765249.702312764,4469637.05421022
"2028-05-25 14:24:15",150.779,31,18.1225017773317,40.3351466096217,765249.705516806,4469637.05257816
"2028-05-25 14:24:20",150.779,41,18.1225017018472,40.3351466416617,765249.698977919,4469637.05590891
"2028-05-25 14:24:20",150.779,31,18.1225017271555,40.3351466309194,765249.701170261,4469637.05479218
"2028-05-25 14:24:25",150.778,29,18.1225017408574,40.3351466251036,765249.702357193,4469637.05418759
"2028-05-25 14:24:35",150.779,41,18.1225017837152,40.3351466069122,765249.706069779,4469637.05229649
"2028-05-25 14:24:40",150.779,31,18.1225017808309,40.3351466081365,765249.705819923,4469637.05242376
"2028-05-25 14:24:40",150.779,41,18.1225016870579,40.3351466479391,765249.697696786,4469637.05656148
"2028-05-25 14:24:40",150.778,29,18.1225017847197,40.3351466064859,765249.70615679,4469637.05225217
"2028-05-25 14:24:45",150.779,31,18.1225016571953,40.3351466606145,765249.695109925,4469637.05787917
"2028-05-25 14:24:45",150.778,29,18.1225017296935,40.3351466298421,765249.701390115,4469637.05468019
"2028-05-25 14:25:00",150.779,41,18.1225017617017,40.335146616256,765249.704162849,4469637.05326783
"2028-05-25 14:25:00",150.779,31,18.12250174859,40.3351466218214,765249.703027035,4469637.05384639
"2028-05-25 14:25:05",150.779,41,18.1225013539191,40.3351467893424,765249.668838461,4469637.0712612
"2028-05-25 14:25:05",150.778,29,18.1225017683806,40.3351466134211,765249.704741405,4469637.05297313
"2028-05-25 14:25:05",150.779,31,18.122501442495,40.3351467517457,765249.676511399,4469637.06735279
"2028-05-25 14:25:10",150.778,29,18.1225017359783,40.3351466271745,765249.701934546,4469637.05440287
"2028-05-25 14:25:20",150.779,41,18.122501467971,40.3351467409322,765249.678718268,4469637.06622867
"2028-05-25 14:25:25",150.779,31,18.1225014601524,40.3351467442509,765249.678040977,4469637.06657366
"2028-05-25 14:25:25",150.779,41,18.1224995659608,40.3351475482549,765249.513955638,4469637.15015467
"2028-05-25 14:25:25",150.778,29,18.1225016359924,40.3351466696142,765249.693273216,4469637.05881474
"2028-05-25 14:25:30",150.779,31,18.1225008647705,40.3351469969652,765249.626465712,4469637.09284482
"2028-05-25 14:25:30",150.778,29,18.1225012574538,40.3351468302879,765249.660482106,4469637.07551772
"2028-05-25 14:25:45",150.779,41,18.1224995492011,40.3351475553687,765249.512503822,4469637.15089418
"2028-05-25 14:25:50",150.779,31,18.1225007895926,40.3351470288751,765249.619953383,4469637.09616204
"2028-05-25 14:25:50",150.778,29,18.1225013309228,40.3351467991034,765249.6668464,4469637.0722759
"2028-05-25 14:25:50",150.779,41,18.1224906165463,40.3351513469018,765248.738707973,4469637.54504666
"2028-05-25 14:25:55",150.779,31,18.1224958763939,40.3351491143196,765249.194344983,4469637.31295642
"2028-05-25 14:25:55",150.778,29,18.1224999012408,40.3351474059428,765249.542999443,4469637.13536047
"2028-05-25 14:26:10",150.779,41,18.122501158397,40.3351468723332,765249.651901262,4469637.07988859
"2028-05-25 14:26:10",150.779,31,18.1225013139269,40.3351468063174,765249.665374117,4469637.07302585
"2028-05-25 14:26:10",150.778,29,18.1225016704954,40.3351466549692,765249.696262053,4469637.0572923
"2028-05-25 14:26:15",150.779,31,18.1224967207172,40.3351487559402,765249.267484928,4469637.27570074
"2028-05-25 14:26:15",150.778,29,18.1225004990503,40.335147152198,765249.594785003,4469637.10898219
"2028-05-25 14:26:30",150.779,41,18.122500413606,40.3351471884655,765249.587383347,4469637.11275241
"2028-05-25 14:26:35",150.779,31,18.1225006974764,40.3351470679745,765249.611973769,4469637.10022666
"2028-05-25 14:26:35",150.778,29,18.1225014770339,40.3351467370854,765249.679503344,4469637.06582877
"2028-05-25 14:26:35",150.779,41,18.1224935311558,40.3351501097737,765248.991187515,4469637.41643981
"2028-05-25 14:26:40",150.779,31,18.1224976767187,40.3351483501581,765249.350299052,4469637.23351727
"2028-05-25 14:26:40",150.778,29,18.1225004704916,40.33514716432,765249.592311091,4469637.11024234
"2028-05-25 14:26:55",150.779,41,18.1225012159304,40.3351468479128,765249.656885117,4469637.07734993
"2028-05-25 14:26:55",150.779,31,18.1224783467914,40.3351565548925,765247.675834232,4469638.08644847
"2028-05-25 14:27:00",150.778,29,18.1225017681592,40.3351466135151,765249.704722228,4469637.0529829
"2028-05-25 14:27:00",150.779,41,18.1225011167354,40.3351468900169,765249.648292301,4469637.0817269
"2028-05-25 14:27:05",150.778,29,18.1225016782431,40.3351466516806,765249.696933202,4469637.05695043
"2028-05-25 14:27:20",150.779,31,18.1225011703365,40.3351468672655,765249.652935524,4469637.07936176
"2028-05-25 14:27:20",150.778,29,18.1225017630718,40.3351466156745,765249.704281531,4469637.05320738
"2028-05-25 14:27:25",150.779,31,18.1224991522679,40.33514772385,765249.478119275,4469637.16840882
"2028-05-25 14:27:25",150.778,29,18.1225016416471,40.3351466672141,765249.693763051,4469637.05856523
"2028-05-25 14:27:40",150.779,41,18.1225016865102,40.3351466481716,765249.697649344,4469637.05658565
"2028-05-25 14:27:45",150.779,31,18.1225012167033,40.3351468475847,765249.656952077,4469637.07731583
"2028-05-25 14:28:00",150.779,41,18.1225016911911,40.3351466461848,765249.698054827,4469637.05637911
"2028-05-25 14:28:05",150.779,31,18.1225010674201,40.3351469109491,765249.644020333,4469637.08390294
"2028-05-25 14:28:05",150.779,29,18.1225017569959,40.3351466182534,765249.703755206,4469637.05347547
"2028-05-25 14:28:10",150.779,31,18.1224956096824,40.3351492275273,765249.171240957,4469637.32472504
"2028-05-25 14:28:30",150.779,29,18.1225017006979,40.3351466421495,765249.698878359,4469637.05595962
"2028-05-25 14:28:35",150.779,29,18.1225013650931,40.3351467845995,765249.66980642,4469637.07076814
"2028-05-25 14:28:50",150.779,31,18.1225014275192,40.3351467581023,765249.675214112,4469637.0680136
"2028-05-25 14:28:55",150.779,31,18.1225001071439,40.3351473185456,765249.560835911,4469637.12627502
"2028-05-25 14:28:55",150.779,29,18.1225016053694,40.3351466826124,765249.690620477,4469637.06016598
"2028-05-25 14:29:15",150.779,31,18.1225017951479,40.3351466020595,765249.707060137,4469637.05179203
"2028-05-25 14:29:15",150.779,29,18.1225017870223,40.3351466055085,765249.706356253,4469637.05215057
"2028-05-25 14:29:20",150.779,31,18.1225017426515,40.335146624342,765249.702512615,4469637.05410842
"2028-05-25 14:29:20",150.779,29,18.1225015804399,40.3351466931939,765249.68846095,4469637.06126599
"2028-05-25 14:29:35",150.779,41,18.122501710085,40.3351466381651,765249.699691518,4469637.05554542
"2028-05-25 14:29:35",150.779,31,18.122501792883,40.3351466030209,765249.70686394,4469637.05189196
"2028-05-25 14:29:40",150.779,41,18.1225014471204,40.3351467497824,765249.676912076,4469637.0671487
"2028-05-25 14:29:40",150.779,31,18.1225017706159,40.3351466124723,765249.704935043,4469637.05287449
"2028-05-25 14:29:55",150.779,41,18.122501722635,40.3351466328382,765249.700778675,4469637.05499165
"2028-05-25 14:30:25",150.779,31,18.1226884996339,40.335404499875,765264.558698861,4469666.24467113
"2028-05-25 14:35:15",150.779,67,18.1226885000753,40.3354045000737,765264.558735587,4469666.24469451
"2028-05-25 14:35:20",150.779,67,18.1226885000517,40.33540450004,765264.558733709,4469666.2446907
"2028-05-25 14:35:25",150.779,23,18.122688499958,40.3354045000387,765264.558725751,4469666.24469028
"2028-05-25 14:36:05",150.779,5,18.1226885001078,40.3354045000994,765264.558738249,4469666.24469746
"2028-05-25 14:36:10",150.779,5,18.1226884998459,40.3354044999331,765264.558716649,4469666.24467821
"2028-05-25 14:36:15",150.779,5,18.1226885001274,40.3354045001701,765264.558739631,4469666.24470537
"2028-05-25 14:36:20",150.779,5,18.1226885000787,40.3354045000711,765264.558735884,4469666.24469424
"2028-05-25 14:36:25",150.779,5,18.1226885001549,40.3354045001711,765264.558741964,4469666.24470556
"2028-05-25 14:36:30",150.779,5,18.1226885000113,40.3354045000026,765264.558730428,4469666.24468642
"2028-05-25 14:39:10",150.779,31,18.1226885000673,40.3354045000635,765264.558734948,4469666.24469335
"2028-05-25 14:39:15",150.779,31,18.1226885000444,40.3354045000795,765264.558732935,4469666.24469506
"2028-05-25 14:39:20",150.779,31,18.1226884999796,40.3354044999885,765264.558727788,4469666.24468477
"2028-05-25 14:39:25",150.779,31,18.1226885000203,40.335404500018,765264.558731129,4469666.24468816
"2028-05-25 14:39:30",150.779,31,18.122688500092,40.3354045001024,765264.558736889,4469666.24469774
"2028-05-25 14:39:35",150.779,31,18.1226884999,40.3354044999537,765264.558721158,4469666.24468066
"2028-05-25 14:39:45",150.779,31,18.1226885013437,40.3354045013255,765264.55883844,4469666.24483729
"2028-05-25 14:39:50",150.778,31,18.1226885004358,40.3354045004263,765264.55876483,4469666.24473474
"2028-05-25 14:39:55",150.778,31,18.1226884818872,40.3354044874085,765264.557239958,4469666.2432338
"2028-05-25 14:50:05",150.778,29,18.1224713934197,40.3353303720604,765246.403675811,4469657.36340652
"2028-05-25 14:50:15",150.779,29,18.1226613267451,40.3353965287025,765262.281306356,4469665.27816061
"2028-05-25 14:50:50",150.779,29,18.1228032,40.3355167,765273.863895879,4469679.04566222
"2028-05-25 14:51:15",150.779,41,18.1228032,40.3355167,765273.863895879,4469679.04566222
"2028-05-25 14:51:15",150.779,29,18.1228032,40.3355167,765273.863895879,4469679.04566222
"2028-05-25 14:51:35",150.779,41,18.1228032,40.3355167,765273.863895879,4469679.04566222
"2028-05-25 14:51:40",150.779,29,18.1228032,40.3355167,765273.863895879,4469679.04566222
"2028-05-25 14:52:20",150.779,41,18.1228032,40.3355167,765273.863895879,4469679.04566222
"2028-05-25 14:52:25",150.779,29,18.1228032,40.3355167,765273.863895879,4469679.04566222
"2028-05-25 14:52:45",150.779,41,18.1228032,40.3355167,765273.863895879,4469679.04566222
"2028-05-25 14:53:10",150.779,29,18.1228032,40.3355167,765273.863895879,4469679.04566222
"2028-05-25 14:53:30",150.779,29,18.1228032,40.3355167,765273.863895879,4469679.04566222
"2028-05-25 14:53:55",150.779,41,18.1228032,40.3355167,765273.863895879,4469679.04566222
"2028-05-25 14:53:55",150.779,29,18.1228032,40.3355167,765273.863895879,4469679.04566222
"2028-05-25 14:54:40",150.779,41,18.1228032,40.3355167,765273.863895879,4469679.04566222
"2028-05-25 14:54:40",150.779,29,18.1228032,40.3355167,765273.863895879,4469679.04566222
"2028-05-25 14:55:00",150.779,41,18.1228032,40.3355167,765273.863895879,4469679.04566222
"2028-05-25 14:55:00",150.779,29,18.1228032,40.3355167,765273.863895879,4469679.04566222
"2028-05-25 14:55:25",150.779,41,18.1228032,40.3355167,765273.863895879,4469679.04566222
"2028-05-25 14:55:25",150.778,29,18.1228032,40.3355167,765273.863895879,4469679.04566222
"2028-05-25 14:55:50",150.778,29,18.1228032,40.3355167,765273.863895879,4469679.04566222
"2028-05-25 14:56:10",150.779,41,18.1228032,40.3355167,765273.863895879,4469679.04566222
"2028-05-25 14:56:10",150.778,29,18.1228032,40.3355167,765273.863895879,4469679.04566222
"2028-05-25 14:56:35",150.779,41,18.1228032,40.3355167,765273.863895879,4469679.04566222
"2028-05-25 14:56:35",150.778,29,18.1228032,40.3355167,765273.863895879,4469679.04566222
"2028-05-25 14:56:55",150.779,41,18.1228032,40.3355167,765273.863895879,4469679.04566222
"2028-05-25 14:57:00",150.778,29,18.1228032,40.3355167,765273.863895879,4469679.04566222
"2028-05-25 14:57:20",150.779,41,18.1228032,40.3355167,765273.863895879,4469679.04566222
"2028-05-25 14:57:20",150.778,29,18.1228032,40.3355167,765273.863895879,4469679.04566222
"2028-05-25 14:57:20",150.779,31,18.1228032,40.3355167,765273.863895879,4469679.04566222
"2028-05-25 14:57:40",150.779,41,18.1228032,40.3355167,765273.863895879,4469679.04566222
"2028-05-25 14:57:45",150.778,29,18.1228032,40.3355167,765273.863895879,4469679.04566222
"2028-05-25 14:58:05",150.779,41,18.1228032,40.3355167,765273.863895879,4469679.04566222
"2028-05-25 14:58:05",150.778,29,18.1228032,40.3355167,765273.863895879,4469679.04566222
"2028-05-25 14:58:30",150.779,31,18.1228032,40.3355167,765273.863895879,4469679.04566222
"2028-05-25 14:58:50",150.779,41,18.1228032,40.3355167,765273.863895879,4469679.04566222
"2028-05-25 14:59:10",150.779,41,18.1228032,40.3355167,765273.863895879,4469679.04566222
"2028-05-25 14:59:15",150.779,41,18.1228032,40.3355167,765273.863895879,4469679.04566222
"2028-05-25 14:59:15",150.778,29,18.1228032,40.3355167,765273.863895879,4469679.04566222
"2028-05-25 14:59:15",150.779,31,18.1228032,40.3355167,765273.863895879,4469679.04566222
"2028-05-25 14:59:35",150.779,41,18.1228032,40.3355167,765273.863895879,4469679.04566222
"2028-05-25 14:59:40",150.778,29,18.1228032,40.3355167,765273.863895879,4469679.04566222
"2028-05-25 15:00:00",150.779,41,18.1228031999999,40.3355166999999,765273.863895871,4469679.04566221
"2028-05-25 15:00:00",150.778,29,18.1228032,40.3355167,765273.863895879,4469679.04566222
"2028-05-25 15:00:05",150.779,31,18.1228032,40.3355167,765273.863895879,4469679.04566222
"2028-05-25 15:00:35",150.779,31,18.1225268004153,40.3353492899873,765251.0369661,4469659.62996181
"2028-05-25 15:01:10",150.779,31,18.1226377850226,40.3353871840956,765260.317806185,4469664.17006088
"2028-05-25 15:01:20",150.779,31,18.1224926169846,40.3353376185434,765248.178450884,4469658.23160671
"2028-05-25 15:01:35",150.779,31,18.1226181675955,40.3353804860055,765258.677343394,4469663.36756077
"2028-05-25 15:01:45",150.779,31,18.1225229774874,40.3353479847032,765250.717282103,4469659.47357574
"2028-05-25 15:01:55",150.779,31,18.122628963994,40.3353841722815,765259.580167746,4469663.80921451
"2028-05-25 15:02:05",150.779,31,18.1225085402889,40.3353430553281,765249.510002773,4469658.88298746
"2028-05-25 15:02:20",150.779,31,18.1226230876192,40.3353821658773,765259.088769238,4469663.56882666
"2028-05-25 15:02:30",150.779,31,18.1225101415257,40.3353436020475,765249.643902729,4469658.94848989
"2028-05-25 15:02:50",150.779,31,18.1225032922507,40.3353412634604,765249.071146952,4469658.66830391
"2028-05-25 15:03:05",150.779,31,18.1226324805004,40.3353853729423,765259.874227599,4469663.95306604
"2028-05-25 15:03:15",150.779,31,18.122501707169,40.3353407222569,765248.938597926,4469658.60346236
"2028-05-25 15:03:25",150.779,31,18.1226234335621,40.3353822839945,765259.117697928,4469663.58297832
"2028-05-25 15:03:35",150.779,31,18.1224980981388,40.3353394900051,765248.636800573,4469658.45582637
"2028-05-25 15:03:50",150.779,31,18.1226401899843,40.3353880052354,765260.518915622,4469664.2684419
"2028-05-25 15:04:00",150.779,31,18.1225242226328,40.3353484098403,765250.821404672,4469659.52451141
"2028-05-25 15:04:15",150.779,31,18.122627523922,40.3353836805895,765259.459744995,4469663.75030475
"2028-05-25 15:04:25",150.779,31,18.1225121135158,40.3353442753554,765249.808806124,4469659.02915887
"2028-05-25 15:04:35",150.779,31,18.1226369785728,40.3353869087449,765260.25036866,4469664.13707102
"2028-05-25 15:04:45",150.779,31,18.1225336711919,40.3353516359158,765251.61151977,4469659.91102753
"2028-05-25 15:05:00",150.779,31,18.1226323268573,40.3353853204831,765259.861379544,4469663.94678089
"2028-05-25 15:05:10",150.779,31,18.122500432325,40.3353402869797,765248.831991854,4469658.55131182
"2028-05-25 15:05:20",150.779,31,18.1226258178763,40.3353830980845,765259.317080797,4469663.68051467
"2028-05-25 15:05:30",150.779,31,18.122550822483,40.3353574919791,765253.045758799,4469660.61264272
"2028-05-25 15:05:45",150.779,31,18.1226350773729,40.3353862596073,765260.091385154,4469664.05929765
"2028-05-25 15:05:55",150.779,31,18.1225348084961,40.3353520242321,765251.706624336,4469659.95755171
"2028-05-25 15:06:05",150.779,31,18.1226203809524,40.3353812417246,765258.86243036,4469663.45810367
"2028-05-25 15:06:30",150.779,31,18.1226238495649,40.3353824260327,765259.15248522,4469663.59999595
"2028-05-25 15:06:40",150.779,31,18.1225238915727,40.3353482968046,765250.793720494,4469659.5109686
"2028-05-25 15:06:55",150.779,31,18.1226377562717,40.335387174279,765260.315401956,4469664.16888475
"2028-05-25 15:07:05",150.779,31,18.1225045235436,40.3353416838678,765249.174111156,4469658.71867289
"2028-05-25 15:07:15",150.779,31,18.1226322457213,40.3353852927804,765259.854594728,4469663.94346181
"2028-05-25 15:07:25",150.779,31,18.1225064804797,40.3353423520357,765249.337755699,4469658.79872604
"2028-05-25 15:07:40",150.779,31,18.1226270017711,40.3353835023085,765259.416081306,4469663.72894485
"2028-05-25 15:07:50",150.779,31,18.1225354293668,40.3353522362195,765251.758543294,4469659.98294992
"2028-05-25 15:08:00",150.779,31,18.1226230519363,40.3353821536938,765259.085785334,4469663.56736696
"2028-05-25 15:08:10",150.779,31,18.1225152558629,40.3353453482649,765250.071578065,4469659.15770412
"2028-05-25 15:08:25",150.779,31,18.1226330390372,40.3353855636467,765259.920933966,4469663.9759144
"2028-05-25 15:08:35",150.779,31,18.1225412699418,40.3353542304004,765252.246948563,4469660.2218728
"2028-05-25 15:08:45",150.779,31,18.1226324369266,40.3353853580647,765259.870583836,4469663.95128354
"2028-05-25 15:09:00",150.779,31,18.1225330116323,40.3353514107186,765251.556365543,4469659.88404665
"2028-05-25 15:09:10",150.779,31,18.1226183979148,40.3353805646447,765258.696603328,4469663.37698256
"2028-05-25 15:09:20",150.779,31,18.1225438303532,40.3353551046163,765252.461057341,4469660.32661264
"2028-05-25 15:09:35",150.779,31,18.1226397714199,40.3353878623226,765260.483914131,4469664.25131947
"2028-05-25 15:09:45",150.779,31,18.1225192239995,40.3353467031284,765250.403404853,4469659.32003028
"2028-05-25 15:09:55",150.779,31,18.122620039455,40.3353811251251,765258.833873407,4469663.44413386
"2028-05-25 15:10:05",150.779,31,18.1225079317451,40.3353428475495,765249.459114619,4469658.85809352
"2028-05-25 15:10:20",150.779,31,18.1226411749246,40.3353883415292,765260.601279009,4469664.30873337
"2028-05-25 15:10:30",150.779,31,18.1225188972355,40.3353465915595,765250.376079926,4469659.30666321
"2028-05-25 15:10:40",150.779,31,18.1225688518954,40.3353636478643,765254.553428518,4469661.3501799
"2028-05-25 15:10:50",150.779,31,18.122450987056,40.3353234045991,765244.697237079,4469656.5286363
"2028-05-25 15:11:05",150.779,31,18.1225944846209,40.3353723997922,765256.696907987,4469662.39874973
"2028-05-25 15:11:15",150.779,31,18.1224811463435,40.3353337020569,765247.219243184,4469657.76237291
"2028-05-25 15:11:30",150.779,31,18.1226197456304,40.3353810248029,765258.809302996,4469663.43211424
"2028-05-25 15:11:40",150.779,31,18.1225306269458,40.3353505965015,765251.35695135,4469659.78649528
"2028-05-25 15:11:50",150.779,31,18.1226230236968,40.3353821440518,765259.083423866,4469663.56621175
"2028-05-25 15:12:00",150.779,31,18.1225438303532,40.3353551046163,765252.461057341,4469660.32661264
"2028-05-25 15:12:15",150.779,31,18.1226363637492,40.3353866988221,765260.198955437,4469664.11192011
"2028-05-25 15:12:25",150.779,31,18.1225127459565,40.3353444912932,765249.861692604,4469659.05503038
"2028-05-25 15:12:35",150.779,31,18.1226316864675,40.3353851018311,765259.807828399,4469663.92058413
"2028-05-25 15:12:45",150.779,31,18.1225456501471,40.3353557259589,765252.613233598,4469660.40105573
"2028-05-25 15:13:00",150.779,31,18.1226339148859,40.3353858626928,765259.994174822,4469664.01174319
"2028-05-25 15:13:10",150.779,31,18.1225170341124,40.3353459554227,765250.220280313,4469659.23044769
"2028-05-25 15:13:20",150.779,31,18.1226157022595,40.3353796442517,765258.471185249,4469663.26671004
"2028-05-25 15:13:30",150.779,31,18.1225439983781,40.335355161986,765252.475108052,4469660.33348611
"2028-05-25 15:13:45",150.779,31,18.1226328495879,40.335385498962,765259.905091702,4469663.9681645
"2028-05-25 15:13:55",150.779,31,18.122504712548,40.3353417484006,765249.189916237,4469658.72640456
"2028-05-25 15:14:10",150.779,31,18.122617161815,40.3353801425961,765258.593237277,4469663.3264168
"2028-05-25 15:14:20",150.779,31,18.122497121165,40.3353391564314,765248.555103251,4469658.41586093
"2028-05-25 15:14:30",150.779,31,18.122627493363,40.3353836701555,765259.457189568,4469663.74905466
"2028-05-25 15:14:40",150.779,31,18.1225188356559,40.335346570534,765250.37093047,4469659.30414415
"2028-05-25 15:14:55",150.779,31,18.1226212143968,40.3353815262922,765258.932125258,4469663.4921978
"2028-05-25 15:15:05",150.779,31,18.1224960417108,40.3353387878672,765248.464836225,4469658.37170328
"2028-05-25 15:15:25",150.779,31,18.1225164779417,40.3353457655262,765250.173771749,4469659.20769619
"2028-05-25 15:15:40",150.779,31,18.1226217972769,40.3353817253083,765258.980867287,4469663.51604197
"2028-05-25 15:15:50",150.779,31,18.1225006245797,40.3353403526223,765248.848068738,4469658.55917646
"2028-05-25 15:16:00",150.779,31,18.1226348280312,40.3353861744732,765260.070534519,4469664.0490977
"2028-05-25 15:16:10",150.779,31,18.1225094408842,40.3353433628235,765249.585313105,4469658.91982847
"2028-05-25 15:16:25",150.779,31,18.1226307677875,40.335384788161,765259.731005874,4469663.88300321
"2028-05-25 15:16:35",150.779,31,18.1224930447479,40.335337764597,765248.214221668,4469658.24910538
"2028-05-25 15:16:50",150.779,31,18.1226278118203,40.3353837788882,765259.483819837,4469663.76208195
"2028-05-25 15:17:00",150.779,31,18.1225629646479,40.3353616377478,765254.061120502,4469661.10934761
"2028-05-25 15:17:10",150.779,31,18.1226283207342,40.3353839526496,765259.526376605,4469663.78290035
"2028-05-25 15:17:20",150.779,31,18.1224831677064,40.3353343922223,765247.388275314,4469657.84506155
"2028-05-25 15:17:35",150.779,31,18.1226240645189,40.3353824994257,765259.170460261,4469663.60878919
"2028-05-25 15:17:45",150.779,31,18.1225425848778,40.3353546793665,765252.356907197,4469660.27566345
"2028-05-25 15:17:55",150.779,31,18.1226223885484,40.3353819271895,765259.030311023,4469663.54022941
"2028-05-25 15:18:05",150.779,31,18.1224988475969,40.3353397458969,765248.699472392,4469658.48648474
"2028-05-25 15:18:20",150.779,31,18.1226252756511,40.3353829129495,765259.271738444,4469663.65833359
"2028-05-25 15:18:30",150.779,31,18.1225180053986,40.3353462870545,765250.301502007,4469659.27018048
"2028-05-25 15:18:40",150.779,31,18.1226320789198,40.3353852358284,765259.840646337,4469663.93663838
"2028-05-25 15:18:50",150.779,31,18.1225102693768,40.3353436457004,765249.654594003,4469658.95371995
"2028-05-25 15:19:05",150.779,31,18.1226264255453,40.3353833055644,765259.367895735,4469663.70537289
"2028-05-25 15:19:15",150.779,31,18.122529439985,40.3353501912307,765251.257694348,4469659.73793978
"2028-05-25 15:19:30",150.779,31,18.1226348301241,40.3353861751878,765260.070709534,4469664.04918331
"2028-05-25 15:19:40",150.779,31,18.1225095930845,40.3353434147901,765249.598040527,4469658.92605459
"2028-05-25 15:19:50",150.779,31,18.1226314392039,40.3353850174065,765259.787151547,4469663.91046919
"2028-05-25 15:20:00",150.779,31,18.1225213941542,40.3353474440967,765250.584879318,4469659.40880568
"2028-05-25 15:20:15",150.779,31,18.1226252796963,40.3353829143307,765259.272076713,4469663.65849907
"2028-05-25 15:20:25",150.779,31,18.1224972930638,40.3353392151238,765248.569477914,4469658.42289286
"2028-05-25 15:20:45",150.779,31,18.1225133082975,40.3353446832965,765249.908717149,4469659.07803428
"2028-05-25 15:35:30",150.779,31,18.1225018656781,40.3351466907251,765249.712704911,4469637.06184759
"2028-05-25 15:35:35",150.779,31,18.1225018175579,40.3351466242538,765249.708877124,4469637.05432334
"2028-05-25 15:35:50",150.779,31,18.122501879561,40.3351467099024,765249.713809245,4469637.06401837
"2028-05-25 15:35:55",150.779,31,18.1225018128891,40.3351466316045,765249.708451637,4469637.05512544
"2028-05-25 15:36:00",150.779,31,18.1225017636156,40.3351466154436,765249.704328638,4469637.05318338
"2028-05-25 15:36:15",150.779,31,18.1225018711965,40.3351467260061,765249.713035459,4469637.06578117
"2028-05-25 15:36:20",150.779,31,18.1225018095203,40.3351466289337,765249.708175891,4469637.05481882
"2028-05-25 15:36:25",150.779,31,18.1225017681666,40.3351466135119,765249.704722875,4469637.05298257
"2028-05-25 15:36:35",150.779,31,18.1225018235502,40.3351466581928,765249.709253188,4469637.05810935
"2028-05-25 15:36:40",150.779,31,18.1225018339119,40.3351466609541,765249.710122715,4469637.05844701
"2028-05-25 15:36:45",150.779,31,18.1225017655922,40.3351466146047,765249.704499862,4469637.05309616
"2028-05-25 15:36:50",150.779,31,18.1225018579818,40.335146716805,765249.711948784,4469637.06471998
"2028-05-25 15:37:00",150.779,31,18.1225017808262,40.3351466156588,765249.705790032,4469637.0532589
"2028-05-25 15:37:05",150.779,31,18.1225017922489,40.33514660329,765249.706809016,4469637.05191994
"2028-05-25 15:37:10",150.779,31,18.1225017999475,40.3351466693175,765249.707204258,4469637.05927365
"2028-05-25 15:37:15",150.779,31,18.1225018137289,40.3351466511201,765249.708446489,4469637.05729465
"2028-05-25 15:37:20",150.778,31,18.122640513659,40.3354370313585,765260.354214652,4469669.71247266
"2028-05-25 15:37:25",150.778,31,18.1226749583687,40.335413680272,765263.372224997,4469667.223287
"2028-05-25 15:37:30",150.779,31,18.1225017918995,40.3351466034383,765249.706778746,4469637.05193536
"2028-05-25 15:37:35",150.779,31,18.1225017628381,40.3351466157737,765249.704261284,4469637.05321769
"2028-05-25 15:37:45",150.778,31,18.1226668064152,40.3354192067221,765262.657958964,4469667.81239698
"2028-05-25 15:37:50",150.779,31,18.1225017903563,40.3351466040933,765249.706645064,4469637.05200345
"2028-05-25 15:37:55",150.779,31,18.1225017656731,40.3351466145703,765249.704506866,4469637.0530926
"2028-05-25 15:38:00",150.779,31,18.1225018186142,40.3351466624059,765249.708817302,4469637.0585623
"2028-05-25 15:38:05",150.779,31,18.1225018106856,40.3351466359816,765249.708247265,4469637.05560478
"2028-05-25 15:38:10",150.778,31,18.1225018668181,40.3351467021392,765249.712757023,4469637.06311824
"2028-05-25 15:38:10",150.779,133,18.1225018014294,40.3351466019746,765249.707594163,4469637.05180144
"2028-05-25 15:38:15",150.778,31,18.1225018116503,40.3351466205124,765249.70838987,4469637.05389023
"2028-05-25 15:38:20",150.779,31,18.1225018173452,40.3351466573544,765249.708729294,4469637.05799765
"2028-05-25 15:38:25",150.779,31,18.1225018106063,40.3351466601602,765249.708145743,4469637.05828895
"2028-05-25 15:38:30",150.779,31,18.1225018383,40.3351466766624,765249.710433952,4469637.06020416
"2028-05-25 15:38:35",150.779,31,18.1225018076209,40.335146625428,765249.708028258,4469637.0544239
"2028-05-25 15:38:40",150.779,31,18.1225005287155,40.3351499528997,765249.586326164,4469637.42001533
"2028-05-25 15:38:45",150.779,31,18.1223914087901,40.3351990600053,765240.122823967,4469642.54471803
"2028-05-25 15:38:50",150.779,31,18.1226784021527,40.3353951252959,765263.737556504,4469665.17357734
"2028-05-25 15:38:55",150.779,31,18.1226877487104,40.335404730939,765264.493993587,4469666.26807183
"2028-05-25 15:39:00",150.779,31,18.1226882171289,40.335404395085,765264.535107707,4469666.2321894
"2028-05-25 15:39:05",150.779,31,18.1226738296968,40.3354017453453,765263.323121521,4469665.89484159
"2028-05-25 15:39:10",150.779,31,18.122676468566,40.3354056494011,765263.532017629,4469666.33620106
"2028-05-25 15:39:15",150.779,31,18.1227820634401,40.3354993492289,765272.136134958,4469677.05590149
"2028-05-25 15:39:40",150.778,31,18.1224508065323,40.3355656394249,765243.732305408,4469683.42189148
"2028-05-25 15:40:00",150.778,250,18.1224305835824,40.3355793491602,765241.960398536,4469684.88332983
"2028-05-25 15:41:35",150.778,31,18.1224221885612,40.3355850403931,765241.224838605,4469685.49000731
"2028-05-25 15:44:15",150.779,31,18.1224239698539,40.3355838328021,765241.380912958,4469685.36127979
"2028-05-25 15:44:35",150.779,31,18.1224303525265,40.3355795057998,765241.94015374,4469684.9000274
"2028-05-25 15:45:20",150.779,31,18.1224259637614,40.3355824810733,765241.555616317,4469685.21718739
"2028-05-25 15:45:45",150.779,31,18.1224533485222,40.3355639161348,765243.955031089,4469683.23819123
"2028-05-25 15:46:05",150.779,31,18.1223875150799,40.3354105846657,765238.962821694,4469666.0172787
"2028-05-25 15:46:10",150.779,31,18.1224012629627,40.3353752108774,765240.269526697,4469662.13119283
"2028-05-25 15:46:15",150.779,31,18.1223881567556,40.3353672006483,765239.187407015,4469661.20255135
"2028-05-25 15:46:20",150.779,31,18.122324285438,40.3353263412163,765233.92098489,4469656.47458628
"2028-05-25 15:46:25",150.779,31,18.1223719469556,40.3353637240483,765237.823829774,4469660.76793987
"2028-05-25 15:46:30",150.779,31,18.122437802492,40.3354088309206,765243.242177596,4469665.97342674
"2028-05-25 15:46:35",150.779,41,18.1223647392795,40.3353784655429,765237.15366922,4469662.38297278
"2028-05-25 15:46:35",150.779,31,18.1223861943158,40.3353703707739,765239.008248526,4469661.54862327
"2028-05-25 15:46:40",150.779,41,18.1223454596339,40.33533834102,765235.672933906,4469657.87036638
"2028-05-25 15:46:40",150.779,31,18.122331440468,40.3353302044656,765234.513742025,4469656.92496183
"2028-05-25 15:46:45",150.779,31,18.1223646565097,40.3353753919787,765237.158685438,4469662.04148616
"2028-05-25 15:46:50",150.779,31,18.1223745091168,40.3353683475001,765238.023390226,4469661.28893843
"2028-05-25 15:46:55",150.779,31,18.1223773075599,40.335422186596,765238.050098038,4469667.27474658
"2028-05-25 15:47:00",150.779,31,18.1223110549983,40.3353315095793,765232.776649167,4469657.00870858
"2028-05-25 15:47:05",150.779,31,18.1222834495291,40.3353031139817,765230.54255991,4469653.77331609
"2028-05-25 15:47:10",150.779,31,18.1223151643177,40.3353396963787,765233.093690529,4469657.92996396
"2028-05-25 15:47:15",150.779,31,18.1223535275935,40.3353903544045,765236.154505529,4469663.66928476
"2028-05-25 15:47:20",150.779,31,18.1223133510615,40.3353356193576,765232.95561562,4469657.47187882
"2028-05-25 15:47:25",150.779,31,18.1223101974859,40.3353325465902,765232.699728731,4469657.12126898
"2028-05-25 15:47:30",150.779,31,18.1222884246925,40.335304001927,765230.961775964,4469653.8868232
"2028-05-25 15:47:40",150.779,31,18.1223212197968,40.3352790974227,765233.845717863,4469651.2202114
"2028-05-25 15:47:45",150.779,41,18.1222673993187,40.3352607211895,765229.345087241,4469649.01856715
"2028-05-25 15:47:50",150.779,31,18.1222658523845,40.3352601930109,765229.215727897,4469648.95528647
"2028-05-25 15:48:00",150.779,29,18.1223200991208,40.3352787147839,765233.752003579,4469651.17436767
"2028-05-25 15:48:05",150.779,31,18.1223303269813,40.3352822069407,765234.60728784,4469651.59276096
"2028-05-25 15:48:10",150.779,29,18.1222798143402,40.3352649601212,765230.383268979,4469649.52643048
"2028-05-25 15:48:10",150.779,41,18.122270346552,40.3352617274802,765229.591543832,4469649.1391301
"2028-05-25 15:48:15",150.779,31,18.1222710170951,40.3352619564275,765229.647616687,4469649.16656011
"2028-05-25 15:48:20",150.779,29,18.1223224182136,40.335279506605,765233.945933058,4469651.26923529
"2028-05-25 15:48:20",150.779,41,18.122317507453,40.3352778298959,765233.53528056,4469651.06834978
"2028-05-25 15:48:25",150.779,31,18.1223161802311,40.335277376735,765233.42429429,4469651.01405684
"2028-05-25 15:48:30",150.779,29,18.122266286952,40.3352603413878,765229.252067756,4469648.97306339
"2028-05-25 15:48:35",150.779,41,18.122275461525,40.3352634739146,765230.019273389,4469649.34836914
"2028-05-25 15:48:35",150.779,31,18.1222661961614,40.3352603103886,765229.244475565,4469648.96934941
"2028-05-25 15:48:45",150.779,29,18.1223049447533,40.3352735405416,765232.48474992,4469650.55444489
"2028-05-25 15:48:45",150.779,41,18.1223170534163,40.3352776748716,765233.497312655,4469651.0497764
"2028-05-25 15:48:50",150.779,31,18.1223157954575,40.3352772453595,765233.392118366,4469650.99831682
"2028-05-25 15:48:55",150.779,29,18.1222661323014,40.3352602885845,765229.239135401,4469648.96673708
"2028-05-25 15:48:55",150.779,41,18.1222701550294,40.3352616620875,765229.575528132,4469649.13129545
"2028-05-25 15:49:00",150.779,31,18.1222672918467,40.3352606844947,765229.336100098,4469649.01417078
"2028-05-25 15:49:05",150.779,29,18.1223027101992,40.3352727775851,765232.297889792,4469650.46303555
"2028-05-25 15:49:10",150.779,41,18.1223181484107,40.3352780487418,765233.588879361,4469651.09456957
"2028-05-25 15:49:10",150.779,31,18.1223109072293,40.3352755763439,765232.983350075,4469650.79835308
"2028-05-25 15:49:15",150.779,29,18.1222706075942,40.3352618166093,765229.613372972,4469649.14980859
"2028-05-25 15:49:20",150.779,41,18.122267741797,40.3352608381238,765229.373726311,4469649.03257697
"2028-05-25 15:49:20",150.779,31,18.1222715627397,40.3352621427301,765229.693245138,4469649.18888088
"2028-05-25 15:49:30",150.779,29,18.1223087154923,40.3352748280066,765232.800070442,4469650.70869525
"2028-05-25 15:49:30",150.779,41,18.1223090582146,40.3352749450242,765232.828729912,4469650.72271506
"2028-05-25 15:49:35",150.779,31,18.1223025243766,40.3352727141386,765232.282350749,4469650.45543407
"2028-05-25 15:49:40",150.779,29,18.1222671098487,40.335260622354,765229.320880874,4469649.00672576
"2028-05-25 15:49:40",150.779,41,18.1222691886452,40.3352613321294,765229.494716151,4469649.09176342
"2028-05-25 15:49:45",150.779,31,18.1222691815282,40.3352613296994,765229.49412101,4469649.09147228
"2028-05-25 15:49:50",150.779,29,18.1223063327781,40.3352740144629,765232.600820729,4469650.61122509
"2028-05-25 15:49:55",150.779,41,18.1223157646147,40.3352772348287,765233.389539202,4469650.99705513
"2028-05-25 15:49:55",150.779,31,18.1223165992474,40.3352775198021,765233.459333688,4469651.03119762
"2028-05-25 15:50:05",150.779,29,18.1222773694401,40.335264125345,765230.178819035,4469649.42641654
"2028-05-25 15:50:05",150.779,41,18.1222786938612,40.3352645775496,765230.289571139,4469649.48059486
"2028-05-25 15:50:15",150.779,29,18.1223091688128,40.3352749827864,765232.837978469,4469650.72723933
"2028-05-25 15:50:15",150.779,41,18.1223296671748,40.3352819816592,765234.552112853,4469651.56577012
"2028-05-25 15:50:25",150.779,29,18.1222695586276,40.3352614584546,765229.525655207,4469649.10689835
"2028-05-25 15:50:25",150.779,41,18.1222717036692,40.3352621908484,765229.705030089,4469649.19464591
"2028-05-25 15:50:30",150.779,31,18.1222644334202,40.3352597085258,765229.097069795,4469648.89724068
"2028-05-25 15:50:40",150.779,29,18.1223230710502,40.3352797295067,765234.00052521,4469651.29594102
"2028-05-25 15:50:40",150.779,41,18.1223247383451,40.3352802987807,765234.139949392,4469651.36414541
"2028-05-25 15:50:45",150.779,31,18.1223201782873,40.3352787418141,765233.75862372,4469651.17760615
"2028-05-25 15:50:50",150.779,29,18.1222683366989,40.3352610412445,765229.423473816,4469649.05691271
"2028-05-25 15:50:50",150.779,41,18.1222670104239,40.3352605884069,765229.312566672,4469649.00265857
"2028-05-25 15:50:55",150.779,31,18.1222645946774,40.3352597635848,765229.110554609,4469648.90383725
"2028-05-25 15:51:00",150.779,29,18.1223117624068,40.335275868332,765233.054862576,4469650.833336
"2028-05-25 15:51:05",150.779,41,18.1223279592438,40.3352813985105,765234.409290563,4469651.49590341
"2028-05-25 15:51:05",150.779,31,18.1223235406186,40.3352798898341,765234.039791924,4469651.31514975
"2028-05-25 15:51:10",150.779,29,18.1222728984722,40.3352625987969,765229.804943145,4469649.24352191
"2028-05-25 15:51:15",150.779,41,18.1222707066268,40.3352618504226,765229.621654382,4469649.15385974
"2028-05-25 15:51:15",150.779,31,18.1222680111545,40.3352609300921,765229.396250807,4469649.04359562
"2028-05-25 15:51:25",150.779,41,18.1223229109436,40.3352796748406,765233.987136614,4469651.2893915
"2028-05-25 15:51:30",150.779,31,18.1223249351416,40.3352803659741,765234.156406103,4469651.3721958
"2028-05-25 15:51:50",150.779,41,18.1223131649068,40.3352763471956,765233.172143832,4469650.89070834
"2028-05-25 15:51:50",150.779,31,18.1223176502265,40.3352778786439,765233.547219707,4469651.07419024
"2028-05-25 15:51:55",150.779,29,18.1222673960912,40.3352607200875,765229.344817347,4469649.01843513
"2028-05-25 15:52:00",150.779,41,18.1222649255954,40.335259876572,765229.13822698,4469648.91737417
"2028-05-25 15:52:00",150.779,31,18.1222668528815,40.3352605346163,765229.299392499,4469648.99621396
"2028-05-25 15:52:20",150.779,41,18.1222700731106,40.3352616341175,765229.568677838,4469649.12794439
"2028-05-25 15:52:30",150.779,29,18.1223078052256,40.335274517209,765232.723951211,4469650.67145879
"2028-05-25 15:52:35",150.779,41,18.1223206102213,40.3352788892918,765233.794743334,4469651.19527537
"2028-05-25 15:52:40",150.779,29,18.1222603784553,40.335258324016,765228.75798129,4469648.7313636
"2028-05-25 15:52:45",150.779,41,18.1222707366856,40.3352618606857,765229.624167992,4469649.15508936
"2028-05-25 15:52:50",150.779,31,18.1222676298636,40.3352607999057,765229.364366102,4469649.02799809
"2028-05-25 15:52:55",150.779,41,18.1223206489407,40.335278902512,765233.797981164,4469651.19685927
"2028-05-25 15:53:05",150.778,29,18.1222665899815,40.3352604448529,765229.277408006,4469648.98545947
"2028-05-25 15:53:05",150.779,41,18.1222674088036,40.3352607244279,765229.345880391,4469649.01895515
"2028-05-25 15:53:10",150.779,31,18.1222710475075,40.3352619668114,765229.650159861,4469649.1678042
"2028-05-25 15:53:20",150.778,29,18.1223175102651,40.3352778308561,765233.535515718,4469651.06846481
"2028-05-25 15:53:20",150.779,41,18.1223140603707,40.3352766529389,765233.247025213,4469650.92733927
"2028-05-25 15:58:45",150.779,31,18.1226886334063,40.3354046304986,765264.569552229,4469666.25957477
"2028-05-25 16:02:30",150.779,31,18.1226892358854,40.3354052198461,765264.618429115,4469666.3268138
"2028-05-25 16:02:55",150.779,31,18.1226894271053,40.3354054068981,765264.633942066,4469666.34815468
"2028-05-25 16:03:20",150.779,31,18.1226889859142,40.3354049753233,765264.598149885,4469666.29891604
"2028-05-25 16:04:55",150.779,41,18.1227949395519,40.3355087994486,765273.193053734,4469678.14373075
"2028-05-25 16:05:05",150.778,29,18.1225945249185,40.3353724135512,765256.700277783,4469662.4003982
"2028-05-25 16:05:10",150.779,31,18.1226674251045,40.3353936209051,765262.810830421,4469664.973622
"2028-05-25 16:05:15",150.778,29,18.1226187240626,40.3353806760032,765258.723876695,4469663.39032445
"2028-05-25 16:05:15",150.779,31,18.1226806939828,40.3353985693399,765263.918771173,4469665.56282349
"2028-05-25 16:05:20",150.779,41,18.1226402086551,40.3353880116103,765260.520476926,4469664.26920567
"2028-05-25 16:05:20",150.779,31,18.122684366154,40.335401664099,765264.218630688,4469665.91743194
"2028-05-25 16:05:25",150.779,31,18.1226793939936,40.33539973008,765263.803771857,4469665.68779298
"2028-05-25 16:05:30",150.779,29,18.1226754108438,40.3353990021817,765263.468212104,4469665.59502914
"2028-05-25 16:05:30",150.779,41,18.1226757259846,40.335400138495,765263.490532042,4469665.72213226
"2028-05-25 16:05:30",150.779,31,18.1226843739361,40.3354021211031,765264.217500215,4469665.96819354
"2028-05-25 16:05:35",150.779,29,18.1226499220539,40.3353845881383,765261.359160994,4469663.9182603
"2028-05-25 16:05:35",150.779,31,18.1226862901141,40.3354031705676,765264.376186751,4469666.09045771
"2028-05-25 16:05:40",150.779,29,18.1226304601317,40.3353810340831,765259.719584383,4469663.46528875
"2028-05-25 16:05:40",150.779,31,18.1226839279317,40.3354006126675,765264.185520833,4469665.79938344
"2028-05-25 16:05:40",150.779,41,18.1226513357329,40.335391810792,765261.450953368,4469664.72438692
"2028-05-25 16:05:45",150.779,31,18.122682118396,40.3354010712916,765264.029982401,4469665.84487274
"2028-05-25 16:05:45",150.779,29,18.1226590777135,40.3353914571518,765262.110108278,4469664.70835117
"2028-05-25 16:05:50",150.779,29,18.1226661839968,40.3353941900406,765262.703153101,4469665.03308606
"2028-05-25 16:05:50",150.779,31,18.1226819138342,40.3354010308306,765264.012761198,4469665.8397669
"2028-05-25 16:05:55",150.779,41,18.122671463784,40.3353986832275,765263.134115357,4469665.54777605
"2028-05-25 16:05:55",150.779,29,18.1226485878858,40.3353802832979,765261.26268499,4469663.43631853
"2028-05-25 16:05:55",150.779,31,18.1226810361426,40.3354001411815,765263.941679216,4469665.73836162
"2028-05-25 16:06:00",150.779,31,18.1226857311849,40.3354025872978,765264.330986088,4469666.0240241
"2028-05-25 16:06:00",150.779,29,18.1226177539047,40.3353770062332,765258.655837601,4469662.97998261
"2028-05-25 16:06:05",150.779,31,18.1226820000558,40.3353995147935,765264.026030205,4469665.67170958
"2028-05-25 16:06:05",150.779,41,18.1226208027607,40.335381385745,765258.897703118,4469663.47535879
"2028-05-25 16:06:05",150.779,29,18.1226046945688,40.3353696386793,765257.57518283,4469662.12283113
"2028-05-25 16:06:10",150.779,31,18.1226781321202,40.3353998777225,765263.695982687,4469665.70039902
"2028-05-25 16:06:10",150.779,29,18.1226209963179,40.3353751451947,765258.938613117,4469662.78309075
"2028-05-25 16:06:15",150.779,29,18.122591086858,40.3353638665342,765256.441682668,4469661.44116279
"2028-05-25 16:06:15",150.779,41,18.1225762953645,40.3353186921104,765255.362074871,4469656.38135807
"2028-05-25 16:06:20",150.779,29,18.1225572537938,40.3353399350299,765253.660999282,4469658.68269987
"2028-05-25 16:06:20",150.779,41,18.1225317297316,40.3352778257844,765251.735923441,4469651.71053234
"2028-05-25 16:06:25",150.779,41,18.1225206016822,40.3352372643856,765250.949477925,4469647.1738737
"2028-05-25 16:06:25",150.779,29,18.1224852409732,40.3353274769492,765247.59153191,4469657.08352228
"2028-05-25 16:06:25",150.779,31,18.1224269079729,40.3351783884896,765243.219922248,4469640.35618316
"2028-05-25 16:06:30",150.779,41,18.1225379017894,40.3353225585331,765252.084947221,4469656.6954418
"2028-05-25 16:06:30",150.779,31,18.1223750623907,40.3352030875098,765238.718221309,4469642.94282989
"2028-05-25 16:06:30",150.779,29,18.1226493066449,40.335386012067,765261.301292707,4469664.07450379
"2028-05-25 16:06:35",150.779,29,18.1226212887684,40.3353759110871,765258.960457518,4469662.86900029
"2028-05-25 16:06:35",150.779,31,18.1226846552253,40.3354014452227,765264.244048633,4469665.89399874
"2028-05-25 16:06:40",150.779,41,18.1225801697307,40.3352548568481,765255.941498956,4469649.30575685
"2028-05-25 16:06:40",150.779,29,18.1225184414926,40.3353123968864,765250.471409862,4469655.50887829
"2028-05-25 16:06:40",150.779,31,18.1226845361648,40.3354015800551,765264.23340451,4469665.90861113
"2028-05-25 16:06:45",150.779,31,18.1226866254276,40.3354030506408,765264.405145571,4469666.07814898
"2028-05-25 16:06:45",150.779,29,18.1224593933421,40.3353097926338,765245.46480731,4469655.04260415
"2028-05-25 16:06:50",150.779,31,18.1226841628511,40.335400530959,765264.205800213,4469665.79101664
"2028-05-25 16:06:50",150.779,29,18.122529941512,40.3353328188528,765251.368408461,4469657.81069939
"2028-05-25 16:06:55",150.779,31,18.1226824694364,40.3354008900097,765264.060517935,4469665.82579932
"2028-05-25 16:06:55",150.779,29,18.1225078488852,40.3353221236956,765249.53331642,4469656.55700686
"2028-05-25 16:07:00",150.779,29,18.1225837236038,40.335358070935,765255.83881148,4469660.77562417
"2028-05-25 16:07:00",150.779,31,18.1226847472893,40.3354020756234,765264.249399067,4469665.96426434
"2028-05-25 16:07:05",150.779,41,18.1225871219919,40.335264460427,765256.49452422,4469650.39283825
"2028-05-25 16:07:05",150.779,29,18.1225268473354,40.3353249227964,765251.136477383,4469656.92476788
"2028-05-25 16:07:05",150.779,31,18.1226863356032,40.3354030509455,765264.380520527,4469666.0773133
"2028-05-25 16:07:10",150.779,41,18.1225204930387,40.3351724218248,765251.194443681,4469639.97448954
"2028-05-25 16:07:10",150.779,29,18.1224636136077,40.3353153726637,765245.801492336,4469655.67477988
"2028-05-25 16:07:10",150.779,31,18.1226835815611,40.3354003064287,765264.157293339,4469665.76434453
"2028-05-25 16:07:15",150.779,31,18.122683327775,40.3354017594976,765264.130034696,4469665.92490817
"2028-05-25 16:07:15",150.779,29,18.1225047181366,40.3353260138996,765249.252073409,4469656.97951946
"2028-05-25 16:07:20",150.779,29,18.1225831421712,40.3353593489179,765255.784402131,4469660.9157662
"2028-05-25 16:07:20",150.779,31,18.122684022043,40.3354014173201,765264.190362061,4469665.88900126
"2028-05-25 16:07:25",150.779,41,18.1225624406319,40.3352303665719,765254.531217507,4469646.53356929
"2028-05-25 16:07:25",150.779,29,18.1225362448599,40.3353341889163,765251.898578385,4469657.98171875
"2028-05-25 16:07:25",150.779,31,18.122684758597,40.3354018772205,765264.251137606,4469665.94227084
"2028-05-25 16:07:30",150.779,29,18.122509765144,40.3353044502689,765249.765407773,4469654.60058707
"2028-05-25 16:07:30",150.779,31,18.1226862765675,40.3354029028267,765264.376085471,4469666.0606915
"2028-05-25 16:07:30",150.779,41,18.1225325406865,40.3351890639692,765252.152789562,4469641.85830381
"2028-05-25 16:07:35",150.779,29,18.1224477907553,40.3353148848241,765244.459073632,4469655.57315115
"2028-05-25 16:07:35",150.779,31,18.1226839299531,40.335400542207,765264.185968806,4469665.79156671
"2028-05-25 16:07:35",150.779,41,18.1224486822782,40.3352130648992,765244.933965101,4469644.27140525
"2028-05-25 16:07:40",150.779,31,18.1226821295521,40.3354006806929,765264.032461545,4469665.80154051
"2028-05-25 16:07:40",150.779,29,18.122539064096,40.3353374902999,765252.125162242,4469658.35670809
"2028-05-25 16:07:45",150.779,29,18.1225788892748,40.3353553560458,765255.438723714,4469660.45970415
"2028-05-25 16:07:45",150.779,31,18.1226852065334,40.3354019939394,765264.288737262,4469665.95657326
"2028-05-25 16:07:50",150.779,41,18.1225637395308,40.3352321608195,765254.634539945,4469646.73666992
"2028-05-25 16:07:50",150.779,29,18.1225133907556,40.3353169995809,765250.024248826,4469656.00473426
"2028-05-25 16:07:50",150.779,31,18.1226856738793,40.3354025784181,765264.326152147,4469666.02286632
"2028-05-25 16:07:55",150.779,41,18.1225364939341,40.3351945248291,765252.467255687,4469642.47644809
"2028-05-25 16:07:55",150.779,29,18.1224542528871,40.3353128888731,765245.015929549,4469655.37093911
"2028-05-25 16:07:55",150.779,31,18.122683067497,40.3353998222297,765264.115516074,4469665.70904473
"2028-05-25 16:08:00",150.779,31,18.122684756174,40.3354017548199,765264.251411608,4469665.92867421
"2028-05-25 16:08:00",150.779,29,18.122510319431,40.3353296834628,765249.713581507,4469657.4037314
"2028-05-25 16:08:05",150.779,31,18.1226807002507,40.3354003849627,765263.912185688,4469665.76441938
"2028-05-25 16:08:05",150.779,29,18.1224962762454,40.335320304924,765248.557219184,4469656.3203629
"2028-05-25 16:08:10",150.779,29,18.122555205274,40.335346116167,765253.462722635,4469659.36280678
"2028-05-25 16:08:10",150.779,41,18.122551326292,40.3352150136621,765253.647114045,4469644.7956901
"2028-05-25 16:08:10",150.779,31,18.1226839837747,40.3354012708308,765264.187685039,4469665.87262267
"2028-05-25 16:08:15",150.779,29,18.1223920889316,40.3352573419028,765239.952142012,4469649.01742763
"2028-05-25 16:08:15",150.779,31,18.1226832172225,40.3354018555552,765264.120265429,4469665.93524116
"2028-05-25 16:08:15",150.779,41,18.1224849375587,40.3351894737175,765248.106749073,4469641.76098857
"2028-05-25 16:08:20",150.779,29,18.1224672283072,40.3353188107033,765246.095124504,4469656.06732739
"2028-05-25 16:08:20",150.779,31,18.1226799749838,40.3353978665862,765263.860439201,4469665.48264411
"2028-05-25 16:08:20",150.779,41,18.1224767453395,40.3352036536499,765247.355138181,4469643.31072048
"2028-05-25 16:08:25",150.779,31,18.122679586592,40.3353995462596,765263.820855915,4469665.66796238
"2028-05-25 16:08:25",150.779,29,18.1225249535647,40.3353353836879,765250.934571042,4469658.08049308
"2028-05-25 16:08:30",150.779,29,18.1225797895228,40.3353568909327,765255.509192754,4469660.63281367
"2028-05-25 16:08:30",150.779,31,18.1226845669821,40.3354017968459,765264.235172871,4469665.93277249
"2028-05-25 16:08:35",150.779,41,18.122546192906,40.3352079226055,765253.238772558,4469643.99301496
"2028-05-25 16:08:35",150.779,29,18.122548805577,40.335334339914,765252.9651618,4469658.03616502
"2028-05-25 16:08:35",150.779,31,18.1226845428025,40.3354018108473,765264.233063651,4469665.93425443
"2028-05-25 16:08:40",150.779,31,18.1226862499642,40.3354028290078,765264.374114624,4469666.05241603
"2028-05-25 16:08:40",150.779,41,18.1225167562169,40.3351672599269,765250.897193203,4469639.39018644
"2028-05-25 16:08:40",150.779,29,18.1224760499976,40.3353224035225,765246.830542884,4469656.49267964
"2028-05-25 16:08:45",150.779,31,18.1226813779063,40.3353981532074,765263.978509592,4469665.51867478
"2028-05-25 16:08:45",150.779,29,18.1225124658982,40.3353290738446,765249.898338079,4469657.34248866
"2028-05-25 16:08:50",150.779,31,18.1226806906122,40.3354000824435,765263.912552793,4469665.73080368
"2028-05-25 16:08:50",150.779,29,18.1225606251079,40.3353497160513,765253.909086392,4469659.7787386
"2028-05-25 16:08:55",150.779,29,18.1225923792793,40.3353638784498,765256.551441755,4469661.44636301
"2028-05-25 16:08:55",150.779,41,18.122560068968,40.3352270904491,765254.3425607,4469646.16272716
"2028-05-25 16:08:55",150.779,31,18.1226840638656,40.3354013485025,765264.194185161,4469665.88148635
"2028-05-25 16:09:00",150.779,29,18.1225277338987,40.335326517818,765251.205548157,4469657.10451268
"2028-05-25 16:09:00",150.779,31,18.1226861816612,40.3354028834959,765264.368097902,4469666.05826059
"2028-05-25 16:09:05",150.779,41,18.122522371434,40.3351750165657,765251.343863119,4469640.26820228
"2028-05-25 16:09:05",150.779,29,18.1222744404597,40.3352431044834,765230.012368388,4469647.08381755
"2028-05-25 16:09:05",150.779,31,18.122682599203,40.335399357898,765264.077549599,4469665.65608799
"2028-05-25 16:09:10",150.779,31,18.1226819038728,40.335400712714,765264.013162015,4469665.80441854
"2028-05-25 16:09:10",150.779,29,18.1225436802364,40.3353430924106,765252.495394043,4469658.99252326
"2028-05-25 16:09:15",150.779,29,18.1225878794262,40.3353627914995,765256.173389544,4469661.31218611
"2028-05-25 16:09:15",150.779,31,18.1226838065044,40.3354011866146,765264.172954099,4469665.86274085
"2028-05-25 16:09:20",150.779,41,18.1225463563462,40.3352081483754,765253.251773613,4469644.01857108
"2028-05-25 16:09:20",150.779,29,18.1225434302871,40.3353309228576,765252.521865668,4469657.64066511
"2028-05-25 16:09:20",150.779,31,18.1226838661787,40.3354013308492,765264.177458638,4469665.87893334
"2028-05-25 16:09:25",150.779,31,18.1226863548506,40.3354029855066,765264.382412359,4469666.07010578
"2028-05-25 16:09:25",150.779,41,18.1225168304758,40.3351673625052,765250.903100227,4469639.40179784
"2028-05-25 16:09:25",150.779,29,18.1224540802406,40.3353133336388,765244.999517724,4469655.41980069
"2028-05-25 16:09:30",150.779,31,18.1226832855683,40.335399952458,765264.133533129,4469665.72415739
"2028-05-25 16:09:30",150.779,29,18.1225200118618,40.3353346622319,765250.517545618,4469657.98556945
"2028-05-25 16:09:35",150.779,31,18.1226853417218,40.3354032184306,765264.295422502,4469666.09292634
"2028-05-25 16:09:35",150.779,29,18.1224041721783,40.335277040926,765240.901530531,4469651.24073307
"2028-05-25 16:09:40",150.779,29,18.1226691497392,40.3353971098239,765262.943679583,4469665.36614864
"2028-05-25 16:09:40",150.779,31,18.1226834682498,40.3354007625795,765264.145877957,4469665.81464811
"2028-05-25 16:09:45",150.779,41,18.1225893300215,40.3352675105118,765256.670164326,4469650.73809398
"2028-05-25 16:09:45",150.779,29,18.1226564997135,40.3353927241671,765261.886110927,4469664.8412856
"2028-05-25 16:09:45",150.779,31,18.1226862151775,40.335402694791,765264.371685292,4469666.03741043
"2028-05-25 16:09:50",150.779,41,18.122547523449,40.335209760565,765253.344612238,4469644.20106356
"2028-05-25 16:09:50",150.779,29,18.1226291805359,40.3353835594633,765259.600967886,4469663.74182684
"2028-05-25 16:09:50",150.779,31,18.122682740973,40.3353993682441,765264.089554001,4469665.65766198
"2028-05-25 16:09:55",150.779,31,18.1226827255098,40.3354013362765,765264.080524695,4469665.87611374
"2028-05-25 16:10:00",150.779,29,18.1226717433815,40.3353987786921,765263.157496058,4469665.5592137
"2028-05-25 16:10:00",150.779,31,18.1226850670494,40.3354022821992,765264.275756425,4469665.98815845
"2028-05-25 16:10:05",150.779,41,18.1226139818474,40.3353015635696,765258.631119317,4469654.59274557
"2028-05-25 16:10:05",150.779,31,18.1226841425548,40.3354011194038,765264.201768858,4469665.85628706
"2028-05-25 16:10:10",150.779,31,18.1226841494372,40.33540120796,765264.202006415,4469665.86613954
"2028-05-25 16:10:15",150.779,29,18.1225569739336,40.335359592304,765253.560160272,4469660.8642828
"2028-05-25 16:10:15",150.779,31,18.1226806849908,40.3353988409356,765263.916942434,4469665.59295006
"2028-05-25 16:10:30",150.779,31,18.1226833046095,40.3354009138534,765264.131381816,4469665.83095215
"2028-05-25 16:10:35",150.779,31,18.122682752478,40.3354000050253,765264.088035021,4469665.72839427
"2028-05-25 16:10:40",150.779,31,18.1226856051525,40.3354027147017,765264.319778745,4469666.03779084
"2028-05-25 16:10:45",150.779,31,18.1226806862112,40.3354006705938,765263.909873084,4469665.79608907
"2028-05-25 16:10:50",150.779,31,18.1226811676117,40.3353993069736,765263.956119442,4469665.64613922
"2028-05-25 16:10:55",150.779,31,18.1226870079976,40.3354024390069,765264.440047066,4469666.0113909
"2028-05-25 16:11:00",150.779,31,18.122678578142,40.3353960240473,765263.748985294,4469665.27388801
"2028-05-25 16:11:05",150.779,31,18.1226745681423,40.3353975003745,765263.402502832,4469665.4257648
"2028-05-25 16:11:10",150.779,31,18.1226793909781,40.3353983274736,765263.809014467,4469665.53206144
"2028-05-25 16:11:15",150.779,31,18.1226799475986,40.3353989217885,765263.853975686,4469665.59971438
"2028-05-25 16:11:20",150.779,31,18.1226835559329,40.3354014705777,765264.15055197,4469665.89351573
"2028-05-25 16:11:25",150.779,31,18.1226775116597,40.3353959116542,765263.658816233,4469665.25821014
"2028-05-25 16:11:30",150.779,31,18.1226718772621,40.3353962758569,765263.17868287,4469665.28174143
"2028-05-25 16:11:35",150.779,31,18.1226804487341,40.3353987246752,765263.897325558,4469665.57933361
"2028-05-25 16:11:40",150.779,31,18.1226839499191,40.3354017797633,765264.182813393,4469665.92902465
"2028-05-25 16:11:45",150.779,31,18.1226798805491,40.3353987329044,765263.849019579,4469665.57854262
"2028-05-25 16:11:50",150.779,31,18.1226806268622,40.3353997650914,765263.908380668,4469665.69537883
"2028-05-25 16:12:05",150.779,31,18.1226849740409,40.3354032961117,765264.263879333,4469666.10044769
"2028-05-25 16:12:15",150.779,31,18.122674878894,40.335399849268,765263.419696046,4469665.68747985
"2028-05-25 16:12:25",150.779,31,18.1226852944907,40.3354034055247,765264.290676201,4469666.11355651
"2028-05-25 16:13:25",150.78,31,18.1226769748778,40.3354005649117,765263.594967846,4469665.77322142
"2028-05-25 16:13:25",150.778,29,18.122688097575,40.3354039441061,765264.526718292,4469666.1817614
"2028-05-25 16:13:35",150.78,31,18.1226870934868,40.3354025570983,765264.446847371,4469666.02475833
"2028-05-25 16:13:50",150.778,29,18.1226881499844,40.3354040165023,765264.53088723,4469666.18995632
"2028-05-25 16:14:00",150.78,31,18.1226850525595,40.3354033229207,765264.270445267,4469666.1036597
"2028-05-25 16:15:00",150.778,29,18.1226881833807,40.3354040626347,765264.533543768,4469666.1951783
"2028-05-25 16:15:05",150.779,31,18.1226849616203,40.3354032918708,765264.262840688,4469666.09993959
"2028-05-25 16:15:15",150.779,31,18.1226752167344,40.3353999646188,765263.447947165,4469665.70130007
"2028-05-25 16:15:30",150.779,31,18.122685013261,40.3354033095028,765264.267159024,4469666.10205209
"2028-05-25 16:15:40",150.779,31,18.1226714659621,40.3353986839712,765263.134297496,4469665.54786515
"2028-05-25 16:15:45",150.778,29,18.1226882557472,40.3354041625988,765264.539300208,4469666.20649379
"2028-05-25 16:16:05",150.778,29,18.1226877633131,40.3354042484688,765264.497125743,4469666.21455003
"2028-05-25 16:16:25",150.779,31,18.1226178246031,40.3353803688956,765258.648661432,4469663.35352981
"2028-05-25 16:16:35",150.779,41,18.1225385518664,40.3353533023524,765252.019655474,4469660.11068333
"2028-05-25 16:16:50",150.779,31,18.122618455102,40.3353805841704,765258.701385476,4469663.37932194
"2028-05-25 16:16:50",150.779,41,18.1226816026979,40.3354012934046,765263.985297262,4469665.86798538
"2028-05-25 16:16:55",150.778,29,18.1226869841144,40.3354038342788,765264.432547852,4469666.16622745
"2028-05-25 16:16:55",150.779,41,18.1226792693455,40.3354004639444,765263.790304543,4469665.76889534
"2028-05-25 16:17:00",150.779,41,18.1226839351937,40.3354022660487,765264.179655858,4469665.98296966
"2028-05-25 16:17:00",150.779,31,18.1226700958401,40.3353982161626,765263.01972421,4469665.49181681
"2028-05-25 16:17:00",150.778,29,18.1226853564624,40.3354031637231,765264.296889364,4469666.08689674
"2028-05-25 16:17:05",150.778,29,18.1226863894552,40.3354037793846,765264.382240064,4469666.15834884
"2028-05-25 16:17:05",150.779,41,18.1226798190615,40.3353992122062,765263.841916453,4469665.631572
"2028-05-25 16:17:10",150.779,41,18.122565445291,40.3353572200573,765254.289197742,4469660.62632139
"2028-05-25 16:17:10",150.779,31,18.1226233054461,40.3353822402511,765259.106984517,4469663.57773741
"2028-05-25 16:17:15",150.778,29,18.1226879957866,40.3354043278435,765264.516565802,4469666.22405996
"2028-05-25 16:17:20",150.779,41,18.1226296404021,40.3353844032313,765259.636730835,4469663.83688468
"2028-05-25 16:17:20",150.778,29,18.1226872301587,40.3354029865145,765264.456775682,4469666.07284371
"2028-05-25 16:17:25",150.779,31,18.1226778328139,40.3354006455719,765263.667542957,4469665.78475052
"2028-05-25 16:17:25",150.778,29,18.1226181585846,40.3353795159675,765258.680380699,4469663.25983657
"2028-05-25 16:17:30",150.779,31,18.122468955442,40.3352076262859,765246.677723476,4469643.72840802
"2028-05-25 16:17:30",150.779,41,18.1223542046454,40.335209247969,765236.921966931,4469643.56421729
"2028-05-25 16:17:30",150.778,29,18.1224343372587,40.3352427472255,765243.598833149,4469647.52381222
"2028-05-25 16:17:35",150.779,31,18.1224969014438,40.3351486792294,765249.283140464,4469637.2677262
"2028-05-25 16:17:35",150.778,29,18.1225016722094,40.3351482334754,765249.690219646,4469637.23254898
"2028-05-25 16:17:40",150.779,31,18.1225017496284,40.3351466849122,765249.70286793,4469637.06085407
"2028-05-25 16:17:45",150.779,41,18.1225017894686,40.3351466092765,765249.706549323,4469637.05257624
"2028-05-25 16:17:45",150.778,29,18.1225017460716,40.3351466422472,765249.702732997,4469637.05610658
"2028-05-25 16:17:45",150.779,31,18.1225017902019,40.3351466198567,765249.706570152,4469637.05375309
"2028-05-25 16:17:50",150.778,29,18.1225017998396,40.3351466000681,765249.707466557,4469637.051585
"2028-05-25 16:17:50",150.779,31,18.1225017960887,40.3351466016602,765249.707141635,4469637.05175051
